STATE,DISTRICT,Year,pH_Actual,pH_Predicted,NO3_Actual,NO3_Predicted
Andhra Pradesh,Alluri Sitharama Raju,2023,7.2285,7.171743,19.199999,19.757797
Andhra Pradesh,Anakapalli,2023,7.029259,7.0768147,64.85185,64.600876
Andhra Pradesh,Ananthapuramu,2023,7.6646776,7.6045623,38.822582,43.26254
Andhra Pradesh,Annamayya,2023,7.6547947,7.665429,18.452055,17.140419
Andhra Pradesh,Bapatla,2023,7.4687877,7.457925,14.333333,14.207862
Andhra Pradesh,Chittoor,2023,7.607705,7.6032896,14.836066,17.162779
Andhra Pradesh,East Godavari,2023,7.3944,7.421659,16.08,19.057293
Andhra Pradesh,Eluru,2023,7.135676,7.071504,19.081081,19.478712
Andhra Pradesh,Guntur,2023,7.5215626,7.5048976,37.28125,40.054996
Andhra Pradesh,Kakinada,2023,7.576087,7.537191,24.826086,24.398474
Andhra Pradesh,Krishna,2023,7.3314285,7.3568788,8.982142,12.928802
Andhra Pradesh,Kurnool,2023,7.785,7.676346,115.67857,118.84158
Andhra Pradesh,Nandyal,2023,7.6116,7.57166,25.68,25.547562
Andhra Pradesh,Ntr,2023,7.7188888,7.673517,44.074074,47.013817
Andhra Pradesh,Palnadu,2023,7.7525716,7.6677756,94.25715,91.74813
Andhra Pradesh,Parvathipuram Manyam,2023,7.7725,7.7475324,26.875,26.582327
Andhra Pradesh,Prakasam,2023,7.9365687,7.8949003,63.215687,62.76226
Andhra Pradesh,Sri Sathya Sai,2023,7.466235,7.4646597,57.52941,56.85017
Andhra Pradesh,Srikakulam,2023,7.466531,7.428586,34.040817,34.459927
Andhra Pradesh,Tirupati,2023,7.732,7.757301,10.266667,10.824578
Andhra Pradesh,Visakhapatnam,2023,6.976,7.053303,36.7,35.978672
Andhra Pradesh,Vizianagaram,2023,7.0686665,7.1122437,28.666666,29.292023
Andhra Pradesh,West Godavari,2023,7.666923,7.6676416,13.961539,16.953487
Arunachal Pradesh,Changlang,2023,7.27,7.2570033,7.183313e-07,4.7199125
Arunachal Pradesh,East Siang,2023,7.9066668,7.9348693,2.3333328,6.080653
Arunachal Pradesh,Lohit,2023,7.29,7.3309255,7.183313e-07,4.41039
Arunachal Pradesh,Lower Dibang Valley,2023,7.71,7.7315545,14.46,14.209662
Arunachal Pradesh,Lower Subansiri,2023,7.51825,7.5181127,11.974999,12.671519
Arunachal Pradesh,Papum Pare,2023,7.78,7.8205333,4.999999,9.782741
Arunachal Pradesh,Tirap,2023,7.7166667,7.760586,7.333333,7.5280447
Assam,Baksa,2023,7.2945457,7.410627,7.181819,10.078483
Assam,Barpeta,2023,7.3675,7.48075,21.55,17.693901
Assam,Biswanath,2023,7.816,7.7909913,2.4000003,5.486804
Assam,Bongaigaon,2023,6.9366665,6.993343,3.3333328,5.7192926
Assam,Cachar,2023,6.88,6.698361,11.428571,8.222682
Assam,Chirang,2023,7.25625,7.308734,3.350001,5.0520334
Assam,Darrang,2023,7.14,7.1141696,28.0,20.609804
Assam,Dhemaji,2023,7.5944443,7.5369577,1.1111114,3.7577388
Assam,Dhubri,2023,7.975,7.9000387,2.9999988,4.2582464
Assam,Dibrugarh,2023,7.46,7.5370235,0.40000033,4.1217184
Assam,Goalpara,2023,6.882,6.830049,1.4000003,3.631354
Assam,Golaghat,2023,6.8433332,6.854894,9.166667,10.3296995
Assam,Hailakandi,2023,6.9466667,6.906715,6.333335,6.3389463
Assam,Hojai,2023,7.25,7.260278,3.5000007,7.45197
Assam,Jorhat,2023,6.885,6.8398056,9.000001,8.573533
Assam,Kamrup,2023,7.254,7.2444897,7.2000017,8.709672
Assam,Kamrup Metro,2023,8.72,8.50986,7.183313e-07,7.349475
Assam,Karbi Anglong,2023,7.654667,7.72079,8.829165,8.424533
Assam,Karimganj,2023,7.018182,6.9844646,8.818181,8.581885
Assam,Kokrajhar,2023,7.254833,7.153298,3.6691673,5.223363
Assam,Lakhimpur,2023,7.7153335,7.7854548,12.266667,9.943145
Assam,Marigaon,2023,6.9900002,6.940112,4.333333,7.713744
Assam,Nagaon,2023,7.0771427,7.019705,7.714286,9.101569
Assam,Nalbari,2023,7.9266667,8.010362,6.000001,5.5894156
Assam,Sivasagar,2023,8.06,8.0771885,9.849999,7.789506
Assam,Sonitpur,2023,7.652,7.7209535,7.3999987,8.078828
Assam,Tinsukia,2023,7.2475,7.241124,1.7499988,5.47972
Assam,Udalguri,2023,8.055,8.072551,8.500001,6.2358503
Assam,West Karbi Anglong,2023,6.824167,6.6754084,5.6083345,8.17802
Bihar,Araria,2023,7.7966666,7.8600554,13.777778,15.545766
Bihar,Arwal,2023,7.895,7.9141316,12.100001,11.918731
Bihar,Aurangabad,2023,7.904667,7.938243,16.533333,16.169207
Bihar,Banka,2023,7.909167,7.962167,16.666666,13.496089
Bihar,Begusarai,2023,7.847429,7.8802714,10.942857,12.471093
Bihar,Bhagalpur,2023,7.881111,7.8995805,22.11111,19.646477
Bihar,Bhojpur,2023,8.02425,8.018815,13.600001,14.168109
Bihar,Buxar,2023,7.9540625,7.9431505,13.343749,13.892333
Bihar,Darbhanga,2023,8.163043,8.159149,6.782609,6.6553507
Bihar,Gaya,2023,7.868636,7.9341016,14.136363,15.875094
Bihar,Gopalganj,2023,8.007826,7.9969482,5.608695,5.5892
Bihar,Jamui,2023,7.925,7.9610567,9.666667,10.871299
Bihar,Jehanabad,2023,7.8475,7.884326,22.625,22.617952
Bihar,Katihar,2023,7.758,7.857288,18.6,17.582964
Bihar,Khagaria,2023,7.8788238,7.9266953,9.235295,8.225244
Bihar,Kishanganj,2023,7.7925,7.868193,14.750001,17.95705
Bihar,Lakhisarai,2023,7.875,7.890071,16.300001,17.275078
Bihar,Madhepura,2023,7.8505883,7.8907466,16.882353,14.526643
Bihar,Madhubani,2023,7.986111,8.013454,3.4166667,5.792474
Bihar,Munger,2023,7.90375,7.9526563,5.375001,7.637212
Bihar,Muzaffarpur,2023,7.962069,7.9538994,8.448276,8.934979
Bihar,Nalanda,2023,7.7841463,7.7682896,11.609757,12.766803
Bihar,Nawada,2023,7.936875,7.986267,13.687499,13.041951
Bihar,Pashchim Champaran,2023,7.9276,7.9559617,11.520001,11.195409
Bihar,Patna,2023,7.89175,7.8726454,13.675,14.461932
Bihar,Purnia,2023,7.846667,7.8886538,13.2,14.546927
Bihar,Rohtas,2023,7.9953847,7.998475,14.153848,13.29165
Bihar,Saharsa,2023,7.845,7.9405127,13.937501,11.567918
Bihar,Samastipur,2023,7.75375,7.82024,14.958333,14.177157
Bihar,Saran,2023,8.128285,7.998333,5.228572,7.526614
Bihar,Sheikhpura,2023,8.0,7.9627247,8.583333,9.301143
Bihar,Sheohar,2023,8.148334,8.138046,9.999999,8.749511
Bihar,Sitamarhi,2023,8.293043,8.2089205,3.6956508,4.4765882
Bihar,Siwan,2023,7.851111,7.7147336,6.62963,7.4572477
Bihar,Supaul,2023,7.8395452,7.8959627,9.181817,8.87987
Bihar,Vaishali,2023,8.314375,8.142707,4.562501,6.9862585
Chandigarh,Chandigarh,2023,7.9075,7.8945255,5.499999,8.1035795
Chhattisgarh,Balod,2023,7.6975,7.762295,23.25,22.528639
Chhattisgarh,Balodabazar-Bhatapara,2023,7.8777776,7.940469,16.851852,14.6426325
Chhattisgarh,Bastar,2023,7.4105,7.533322,9.8,12.252807
Chhattisgarh,Bemetara,2023,7.785,7.851565,16.449999,18.913551
Chhattisgarh,Bilaspur,2023,7.7989287,7.853372,16.410713,16.648518
Chhattisgarh,Dhamtari,2023,7.9028573,7.958427,5.8095255,7.3717833
Chhattisgarh,Durg,2023,7.7744284,7.829817,25.657143,25.491827
Chhattisgarh,Gariyaband,2023,7.245,7.23202,22.0,21.499712
Chhattisgarh,Janjgir-Champa,2023,7.7036586,7.7633348,15.536586,16.619015
Chhattisgarh,Jashpur,2023,7.6346664,7.6984773,17.4,18.959082
Chhattisgarh,Kondagaon,2023,7.245,7.3823686,12.999999,13.029439
Chhattisgarh,Korba,2023,7.4647727,7.486805,16.659092,17.578152
Chhattisgarh,Mahasamund,2023,7.615909,7.6365123,23.136364,23.32815
Chhattisgarh,Mungeli,2023,7.593571,7.609596,24.571428,25.76125
Chhattisgarh,Raigarh,2023,7.6152816,7.6316223,13.859155,15.576948
Chhattisgarh,Raipur,2023,7.63875,7.635556,18.5,21.77204
Chhattisgarh,Rajnandgaon,2023,7.7363267,7.742889,24.122448,25.324013
Chhattisgarh,Surajpur,2023,7.5753126,7.570658,15.59375,16.421286
Chhattisgarh,Surguja,2023,7.3224998,7.3232026,15.666668,16.491022
Delhi,Central,2023,8.005714,7.980009,18.142857,20.486458
Delhi,East,2023,7.622,7.6075096,14.999999,14.517737
Delhi,Nazul Land,2023,8.435,8.383289,22.465,18.623095
Delhi,New Delhi,2023,7.85,7.8271117,27.88889,31.750576
Delhi,North,2023,8.09,8.100667,11.904763,11.817126
Delhi,North East,2023,7.73,7.744615,11.333333,10.6162405
Delhi,North West,2023,7.895,7.870955,98.85715,111.2639
Delhi,Shahdara,2023,7.83,7.8790665,18.5,15.041514
Delhi,South,2023,7.74375,7.7358975,77.375,76.68953
Delhi,South East,2023,7.6657143,7.6685405,36.57143,39.18829
Delhi,South West,2023,8.321333,8.225737,50.066666,46.21948
Delhi,West,2023,8.026,8.028134,48.100002,47.89023
Goa,North Goa,2023,5.57,5.7320685,7.999999,26.971077
Goa,South Goa,2023,5.74125,5.8290505,1.2500007,20.75074
Gujarat,Ahmedabad,2023,8.203333,8.112592,78.16667,83.29384
Gujarat,Amreli,2023,7.994375,7.930168,29.03125,31.178755
Gujarat,Anand,2023,7.92,7.9046273,43.166668,42.709854
Gujarat,Arvalli,2023,7.799375,7.737875,61.25,60.701645
Gujarat,Banas Kantha,2023,7.94375,7.92126,20.5,22.763657
Gujarat,Bharuch,2023,7.9746156,7.9272213,17.73077,23.040302
Gujarat,Bhavnagar,2023,8.023929,7.955407,26.214285,28.223957
Gujarat,Botad,2023,8.1675,8.082792,19.875,23.338377
Gujarat,Chhotaudepur,2023,8.247,8.168781,15.400001,17.431332
Gujarat,Dahod,2023,7.8135715,7.816108,33.07143,31.74335
Gujarat,Dangs,2023,7.8922224,7.9321523,11.555556,9.846932
Gujarat,Devbhumi Dwarka,2023,7.8794527,7.843063,45.53263,47.14258
Gujarat,Gandhinagar,2023,8.0,7.966669,23.4,26.569496
Gujarat,Gir Somnath,2023,8.012777,7.928508,18.277779,17.041712
Gujarat,Jamnagar,2023,8.0516,7.968857,25.960001,26.225475
Gujarat,Junagadh,2023,7.7864103,7.725373,23.128204,25.296356
Gujarat,Kachchh,2023,7.6656756,7.738895,17.378378,18.95881
Gujarat,Kheda,2023,8.134,8.0371895,45.2,41.84739
Gujarat,Mahesana,2023,8.02,8.002487,16.857143,16.04538
Gujarat,Mahisagar,2023,7.628,7.533822,19.199999,20.005316
Gujarat,Morbi,2023,7.927857,7.897931,28.357143,28.784515
Gujarat,Narmada,2023,8.056,8.017608,13.7,13.158849
Gujarat,Navsari,2023,7.867273,7.9147887,6.454545,8.481982
Gujarat,Panch Mahals,2023,7.908125,7.8788104,32.5625,31.2776
Gujarat,Patan,2023,7.851,7.8994136,5.5999994,10.567998
Gujarat,Porbandar,2023,7.726333,7.6551456,28.166666,29.442547
Gujarat,Rajkot,2023,8.019167,7.9494853,68.375,65.7166
Gujarat,Sabar Kantha,2023,7.7161536,7.6278687,92.03846,84.85759
Gujarat,Surat,2023,7.8195653,7.8544636,16.043478,16.933079
Gujarat,Surendranagar,2023,7.7873077,7.7793293,27.769232,29.270731
Gujarat,Tapi,2023,7.921111,7.9606466,18.666666,15.412053
Gujarat,Vadodara,2023,8.161,8.119821,19.199999,27.561443
Gujarat,Valsad,2023,8.011053,8.0321,9.315789,8.040622
Haryana,Ambala,2023,7.9123335,7.9278426,21.366667,17.332743
Haryana,Bhiwani,2023,7.842639,7.835949,21.333334,26.626062
Haryana,Charki Dadri,2023,7.7764707,7.82396,15.47059,14.962897
Haryana,Faridabad,2023,7.7875,7.770036,36.416668,37.71975
Haryana,Fatehabad,2023,7.6753125,7.60679,26.125,28.81833
Haryana,Gurugram,2023,8.176042,8.1415205,44.041668,44.984303
Haryana,Hisar,2023,7.765,7.746467,28.413794,33.700535
Haryana,Jhajjar,2023,8.249143,8.168475,23.085714,22.924911
Haryana,Jind,2023,8.324,8.226482,38.866665,33.611572
Haryana,Kaithal,2023,7.958,7.9633284,19.422222,16.660437
Haryana,Karnal,2023,7.908889,7.9216704,13.62963,11.097209
Haryana,Kurukshetra,2023,7.9017143,7.940662,9.542857,8.329711
Haryana,Mahendragarh,2023,8.240357,8.213591,24.214287,23.43056
Haryana,Nuh,2023,8.022963,8.007107,54.185184,48.845383
Haryana,Palwal,2023,7.6566668,7.6507564,60.633335,62.58597
Haryana,Panchkula,2023,7.9226665,7.9368157,24.966667,24.910875
Haryana,Panipat,2023,8.086415,8.141697,28.962265,22.275976
Haryana,Rewari,2023,7.8023076,7.793711,27.192308,30.150343
Haryana,Rohtak,2023,8.264688,8.188483,46.34375,46.659588
Haryana,Sirsa,2023,7.9537315,7.9002533,52.373135,51.417084
Haryana,Sonipat,2023,8.360377,8.2935705,40.792454,37.138714
Haryana,Yamunanagar,2023,8.030286,8.094052,6.4285707,4.898587
Himachal Pradesh,Hamirpur,2023,7.79875,7.855063,28.625,26.169645
Himachal Pradesh,Kangra,2023,8.118246,8.1429,8.403508,9.29433
Himachal Pradesh,Kullu,2023,7.612,7.6712723,7.5999994,11.73166
Himachal Pradesh,Mandi,2023,8.146667,8.142532,21.0,20.141584
Himachal Pradesh,Sirmaur,2023,8.108095,8.119858,15.238095,13.867101
Himachal Pradesh,Solan,2023,7.9772224,7.9996214,24.055555,21.607578
Himachal Pradesh,Una,2023,7.9697437,7.9788804,26.666666,25.232409
Jammu & Kashmir,Baramulla,2023,7.147,7.1387234,22.9,19.712765
Jammu & Kashmir,Jammu,2023,7.253418,7.303384,20.468355,21.943886
Jammu & Kashmir,Kathua,2023,6.9439025,7.0555353,11.048781,15.3843355
Jammu & Kashmir,Kupwara,2023,6.952857,6.980647,12.952382,13.8417425
Jammu & Kashmir,Pulwama,2023,7.695,7.766053,12.650001,14.66606
Jammu & Kashmir,Rajouri,2023,7.1545944,7.2489166,14.4864855,16.861591
Jammu & Kashmir,Reasi,2023,7.3533335,7.296557,8.166667,9.046855
Jammu & Kashmir,Samba,2023,7.2225804,7.1941223,24.451612,29.730639
Jammu & Kashmir,Srinagar,2023,7.225,7.321263,25.4,26.090746
Jammu & Kashmir,Udhampur,2023,6.77,6.7303743,11.347827,11.485543
Jharkhand,Bokaro,2023,7.8375,7.927029,14.875001,18.84725
Jharkhand,Chatra,2023,7.63,7.5916147,28.4375,28.551247
Jharkhand,Deoghar,2023,7.9163637,7.9035034,29.181818,29.01658
Jharkhand,Dhanbad,2023,7.78,7.8440065,20.894735,20.905115
Jharkhand,Dumka,2023,7.389375,7.4056993,22.5625,23.11498
Jharkhand,Garhwa,2023,7.703636,7.702093,33.818184,30.9607
Jharkhand,Giridih,2023,7.7975,7.84032,18.375,20.465292
Jharkhand,Godda,2023,7.9088235,7.9635563,13.294118,10.833947
Jharkhand,Gumla,2023,7.799412,7.77825,26.117647,19.880346
Jharkhand,Hazaribagh,2023,7.5733333,7.5906434,28.592592,31.525642
Jharkhand,Jamtara,2023,7.813,7.8556437,19.0,18.515974
Jharkhand,Khunti,2023,7.7172728,7.742243,5.727273,6.598504
Jharkhand,Koderma,2023,7.734,7.701952,32.8,38.894806
Jharkhand,Latehar,2023,7.9283333,7.9324765,17.916666,24.414286
Jharkhand,Lohardaga,2023,7.715,7.668943,19.25,16.41837
Jharkhand,Pakur,2023,7.5536366,7.5549006,20.181818,20.214752
Jharkhand,Palamu,2023,7.817647,7.826675,23.235294,22.275478
Jharkhand,Ramgarh,2023,7.700714,7.7656865,28.642857,29.238789
Jharkhand,Ranchi,2023,7.7964816,7.7753935,20.88889,20.58708
Jharkhand,Sahebganj,2023,7.7652383,7.784104,15.619048,16.163902
Jharkhand,Saraikela Kharsawan,2023,7.950909,8.004557,9.636363,8.947812
Jharkhand,Simdega,2023,7.8684616,7.836176,23.0,17.678265
Jharkhand,West Singhbhum,2023,7.92625,7.9681077,11.124999,13.575141
Karnataka,Bagalkote,2023,7.5571427,7.591334,58.57143,61.64489
Karnataka,Ballari,2023,7.855,7.829769,71.0,69.14658
Karnataka,Belagavi,2023,7.6666665,7.6360826,51.366665,54.91667
Karnataka,Bengaluru Rural,2023,7.0444446,7.180494,144.22221,145.69423
Karnataka,Bengaluru Urban,2023,7.3,7.300476,14.500001,19.5115
Karnataka,Bidar,2023,7.0183334,7.1260023,80.66667,74.26516
Karnataka,Chamarajanagara,2023,7.9,7.8992476,67.0,66.99035
Karnataka,Chikkaballapura,2023,7.16,7.2913027,51.25,47.846626
Karnataka,Chikkamagaluru,2023,7.96,8.038237,11.500001,11.075723
Karnataka,Chitradurga,2023,7.468421,7.581161,184.84212,195.36523
Karnataka,Dakshina Kannada,2023,6.7682257,6.672953,10.822581,8.600968
Karnataka,Davangere,2023,7.7295,7.6907973,29.55,29.177662
Karnataka,Dharwad,2023,7.911111,7.751015,249.77777,240.27953
Karnataka,Gadag,2023,8.129444,8.020219,122.333336,130.30534
Karnataka,Hassan,2023,7.57,7.5438714,48.0,43.63809
Karnataka,Haveri,2023,8.002,7.9748197,38.6,37.356552
Karnataka,Kalaburagi,2023,7.2070003,7.2449493,74.15,75.32668
Karnataka,Kodagu,2023,7.375,7.378468,77.5,66.70717
Karnataka,Kolar,2023,7.1213636,7.2874923,142.45454,133.50226
Karnataka,Koppal,2023,7.913,7.806669,193.1,210.62546
Karnataka,Mandya,2023,7.4109526,7.4639854,32.95238,34.33321
Karnataka,Mysuru,2023,8.009091,7.9662375,55.272728,56.567253
Karnataka,Raichur,2023,7.575556,7.740371,215.83334,222.75636
Karnataka,Ramanagara,2023,7.516,7.5466585,52.8,56.30484
Karnataka,Shivamogga,2023,6.307857,6.186021,18.071428,16.625687
Karnataka,Tumakuru,2023,7.4492855,7.395602,22.642857,23.234505
Karnataka,Udupi,2023,7.39,7.32207,0.9999988,5.8654337
Karnataka,Uttara Kannada,2023,7.3,7.3039613,27.333334,25.021517
Karnataka,Vijayapura,2023,7.681212,7.6476765,79.545456,80.3543
Karnataka,Yadgir,2023,7.5275,7.516291,117.75,119.22823
Kerala,Alappuzha,2023,7.8891306,7.9369473,15.304349,13.116492
Kerala,Ernakulam,2023,6.523077,6.4183283,11.653846,10.916842
Kerala,Idukki,2023,6.963,7.00406,19.25,19.339453
Kerala,Kannur,2023,6.8008695,6.768074,15.565218,15.426951
Kerala,Kasaragod,2023,6.9695454,6.886043,9.863637,10.122426
Kerala,Kollam,2023,7.1954165,7.081204,12.916667,9.388268
Kerala,Kottayam,2023,6.6657143,6.4819574,11.642858,9.149304
Kerala,Kozhikode,2023,7.3186955,7.390154,15.913044,16.495888
Kerala,Malappuram,2023,7.4654837,7.515959,25.193548,25.49344
Kerala,Palakkad,2023,8.116563,8.083095,16.78125,15.463893
Kerala,Pathanamthitta,2023,6.53,6.3345866,17.277777,13.564582
Kerala,Thiruvananthapuram,2023,6.544667,6.708615,33.333332,33.93198
Kerala,Thrissur,2023,7.56,7.467491,14.680001,15.640376
Kerala,Wayanad,2023,7.5882354,7.6483693,14.000001,15.755276
Madhya Pradesh,Agar-Malwa,2023,7.58875,7.6049395,42.375,40.025642
Madhya Pradesh,Alirajpur,2023,7.9425,7.9665604,9.750001,14.379146
Madhya Pradesh,Anuppur,2023,7.3875,7.3887277,22.0,20.889507
Madhya Pradesh,Ashoknagar,2023,7.7325,7.717465,18.5,20.716396
Madhya Pradesh,Balaghat,2023,7.575,7.5485277,14.599999,17.653107
Madhya Pradesh,Barwani,2023,7.804,7.721447,71.4,74.96396
Madhya Pradesh,Betul,2023,7.6683335,7.694297,15.500001,19.78527
Madhya Pradesh,Bhind,2023,7.7814283,7.7381606,45.571426,49.083023
Madhya Pradesh,Bhopal,2023,7.75,7.756269,9.999999,11.534257
Madhya Pradesh,Burhanpur,2023,7.63125,7.639411,53.125,57.79992
Madhya Pradesh,Chhatarpur,2023,7.9466667,7.974304,17.066668,18.372726
Madhya Pradesh,Chhindwara,2023,7.792857,7.7448964,27.380953,28.087029
Madhya Pradesh,Damoh,2023,7.3546667,7.320353,21.4,25.529716
Madhya Pradesh,Datia,2023,7.6666665,7.6667457,37.666668,32.790154
Madhya Pradesh,Dewas,2023,7.8625,7.866304,29.5,29.938498
Madhya Pradesh,Dhar,2023,7.9492307,7.9780326,38.384617,36.255383
Madhya Pradesh,Dindori,2023,7.2175,7.2302566,12.166667,12.921727
Madhya Pradesh,Guna,2023,7.8485713,7.8987103,16.142857,15.623804
Madhya Pradesh,Gwalior,2023,7.3405,7.3580556,46.55,47.130077
Madhya Pradesh,Harda,2023,7.838,7.8413706,50.6,52.622627
Madhya Pradesh,Indore,2023,7.85875,7.931195,14.000001,17.157099
Madhya Pradesh,Jabalpur,2023,7.2833333,7.3408103,22.0,22.700844
Madhya Pradesh,Jhabua,2023,7.9275,7.9685307,26.5,25.421865
Madhya Pradesh,Katni,2023,7.48,7.5287004,70.66667,65.19185
Madhya Pradesh,Mandla,2023,7.7485714,7.743411,14.04762,16.471775
Madhya Pradesh,Mandsaur,2023,7.68,7.6502852,64.94444,63.958412
Madhya Pradesh,Morena,2023,7.60625,7.595986,63.75,57.542133
Madhya Pradesh,Narmadapuram,2023,7.6833334,7.707127,9.999999,13.445601
Madhya Pradesh,Narsimhapur,2023,7.9677777,7.9425273,23.222221,22.532646
Madhya Pradesh,Neemuch,2023,7.849167,7.883802,33.916668,28.43483
Madhya Pradesh,Panna,2023,7.762,7.7674966,9.8,13.005179
Madhya Pradesh,Raisen,2023,7.96,7.991204,9.500001,11.386233
Madhya Pradesh,Rajgarh,2023,7.73,7.6940513,47.0,47.68098
Madhya Pradesh,Ratlam,2023,7.9514284,7.94619,41.785713,39.30128
Madhya Pradesh,Rewa,2023,7.885294,7.8167567,9.941176,13.118691
Madhya Pradesh,Sagar,2023,7.86125,7.879315,33.0,27.323645
Madhya Pradesh,Satna,2023,7.8744445,7.849077,14.111112,14.820622
Madhya Pradesh,Sehore,2023,7.404444,7.4375377,22.444445,25.535501
Madhya Pradesh,Seoni,2023,7.9270835,7.9288,10.916667,13.910893
Madhya Pradesh,Shahdol,2023,7.2582607,7.3244987,25.913044,25.93428
Madhya Pradesh,Shajapur,2023,7.587143,7.5750833,31.0,34.13921
Madhya Pradesh,Sheopur,2023,7.1714287,7.196,86.92857,81.1192
Madhya Pradesh,Shivpuri,2023,7.2977777,7.3144097,88.55556,85.35326
Madhya Pradesh,Sidhi,2023,7.8577776,7.857132,13.111112,12.610499
Madhya Pradesh,Singrauli,2023,7.799091,7.7058167,9.545453,12.715703
Madhya Pradesh,Tikamgarh,2023,7.480909,7.5292006,33.18182,34.111687
Madhya Pradesh,Ujjain,2023,7.9766665,7.9341373,51.866665,49.829155
Madhya Pradesh,Umaria,2023,7.49,7.420654,36.4,37.063637
Madhya Pradesh,Vidisha,2023,7.8157144,7.8155823,12.142858,18.205135
Maharashtra,Ahmednagar,2023,7.6374683,7.631837,63.405064,62.64864
Maharashtra,Akola,2023,7.8408,7.762479,70.0,70.894714
Maharashtra,Amravati,2023,7.3835063,7.419739,56.66234,53.826443
Maharashtra,Beed,2023,7.7390475,7.6945925,59.571426,59.54901
Maharashtra,Bhandara,2023,7.39931,7.4221926,42.827587,40.891743
Maharashtra,Buldhana,2023,7.614028,7.601766,64.208336,63.02991
Maharashtra,Chandrapur,2023,7.6396365,7.635786,37.236362,38.305412
Maharashtra,Dharashiv,2023,7.5070834,7.494586,25.125,26.103558
Maharashtra,Dhule,2023,7.6594443,7.626261,80.30556,75.90751
Maharashtra,Gadchiroli,2023,7.4648647,7.4974213,54.054054,54.52485
Maharashtra,Gondia,2023,7.3205557,7.3626833,57.77778,55.035824
Maharashtra,Hingoli,2023,7.3012,7.319343,42.88,42.18652
Maharashtra,Jalgaon,2023,7.6659617,7.6613674,60.615383,59.83581
Maharashtra,Jalna,2023,7.588049,7.562394,83.60976,77.492905
Maharashtra,Kolhapur,2023,7.25575,7.269953,13.250001,14.950255
Maharashtra,Latur,2023,7.46,7.4588146,37.24,38.058636
Maharashtra,Mumbai,2023,7.323684,7.326037,9.526315,11.494313
Maharashtra,Nagpur,2023,7.3604226,7.4596767,38.605633,37.89
Maharashtra,Nanded,2023,7.7480435,7.713448,49.695652,50.080597
Maharashtra,Nandurbar,2023,7.573913,7.5549755,47.304348,46.23268
Maharashtra,Nashik,2023,7.5805635,7.5642276,47.661972,48.98516
Maharashtra,Parbhani,2023,7.4991894,7.4904857,41.027027,42.290035
Maharashtra,Pune,2023,7.690189,7.642232,32.037735,31.601948
Maharashtra,Raigad,2023,7.8882,7.942619,6.420001,6.816581
Maharashtra,Ratnagiri,2023,7.3874073,7.3350334,3.8888881,6.481036
Maharashtra,Sangli,2023,7.4626317,7.441028,27.894737,28.906185
Maharashtra,Satara,2023,7.3935847,7.3685994,31.792454,31.71249
Maharashtra,Sindhudurg,2023,7.257037,7.156759,4.592593,6.2776537
Maharashtra,Solapur,2023,7.49125,7.5028234,51.0,51.301506
Maharashtra,Thane,2023,7.742857,7.7682266,7.875001,7.5673113
Maharashtra,Wardha,2023,7.7628303,7.6949472,76.84906,70.87863
Maharashtra,Washim,2023,7.740625,7.6961946,42.979168,43.791092
Maharashtra,Yavatmal,2023,7.6775,7.650398,50.67647,51.37134
Meghalaya,East Garo Hills,2023,6.9025,6.7012467,1.2500007,3.3549335
Meghalaya,East Khasi Hills,2023,6.995,7.040257,11.500001,9.986615
Meghalaya,North Garo Hills,2023,6.39,6.345119,3.5000007,4.736228
Meghalaya,Ri Bhoi,2023,6.78625,6.686506,12.499999,10.370421
Meghalaya,South West Garo Hills,2023,6.718571,6.4245896,4.000001,4.0922995
Meghalaya,West Garo Hills,2023,6.721667,6.5594635,7.166667,4.6763144
Meghalaya,West Jaintia Hills,2023,7.20975,7.150733,13.075,14.876304
Meghalaya,West Khasi Hills,2023,7.13,6.9793224,9.999999,8.436357
Mizoram,Kolasib,2023,8.05,8.082742,0.9999988,3.1054256
Mizoram,Mamit,2023,7.67,7.7350707,4.000001,5.4775896
Nagaland,Dimapur,2023,7.048333,7.039588,14.166667,14.00521
Odisha,Anugul,2023,7.6893024,7.706771,55.0,53.46137
Odisha,Balangir,2023,7.64359,7.5652146,32.71795,32.48011
Odisha,Baleshwar,2023,7.240811,7.3409758,10.837838,10.525102
Odisha,Bargarh,2023,7.814697,7.8627906,17.318182,19.012613
Odisha,Bhadrak,2023,7.6485,7.717332,20.3,17.728281
Odisha,Boudh,2023,7.636,7.6346684,26.1,24.481007
Odisha,Cuttack,2023,7.353125,7.3972106,55.1875,50.52808
Odisha,Deogarh,2023,8.014545,8.055869,14.727273,12.225825
Odisha,Dhenkanal,2023,7.6318183,7.647177,17.424242,18.610756
Odisha,Gajapati,2023,7.595294,7.68023,12.47059,12.855523
Odisha,Ganjam,2023,8.163571,8.177161,18.166666,15.198049
Odisha,Jagatsinghapur,2023,7.667143,7.7867823,3.285714,4.860469
Odisha,Jajapur,2023,7.905667,7.9845037,8.266665,8.232488
Odisha,Jharsuguda,2023,7.863,7.928659,6.9000006,7.911042
Odisha,Kalahandi,2023,7.991613,7.951162,25.129032,22.816813
Odisha,Kandhamal,2023,7.761724,7.850877,13.206897,12.2019
Odisha,Kendrapara,2023,7.8524,7.9085546,12.12,12.161859
Odisha,Kendujhar,2023,7.7211113,7.748646,15.083333,12.454715
Odisha,Khordha,2023,7.6495833,7.676129,20.291666,20.797989
Odisha,Koraput,2023,7.6393023,7.6458774,16.744186,14.918956
Odisha,Malkangiri,2023,7.8430767,7.8962064,20.0,19.667435
Odisha,Mayurbhanj,2023,7.687143,7.6271954,16.571428,15.970412
Odisha,Nabarangpur,2023,7.964348,8.021998,15.478261,15.717468
Odisha,Nayagarh,2023,7.7173076,7.6628156,25.576923,25.648405
Odisha,Nuapada,2023,7.7519445,7.7947536,35.38889,30.586979
Odisha,Puri,2023,7.825238,7.868363,25.261904,23.677547
Odisha,Rayagada,2023,7.91,7.9608645,18.1875,17.55228
Odisha,Sambalpur,2023,7.743768,7.7088213,16.507246,16.355837
Odisha,Sonepur,2023,7.492653,7.5056663,21.040815,21.959927
Odisha,Sundargarh,2023,7.791154,7.8363233,23.461538,22.102438
Puducherry,Karaikal,2023,7.71,7.6552887,66.325005,66.302025
Puducherry,Pondicherry,2023,7.52,7.5219417,38.75,40.364796
Punjab,Amritsar,2023,7.919672,7.996435,7.7213125,7.4286547
Punjab,Barnala,2023,8.258261,8.272777,16.73913,16.094965
Punjab,Bathinda,2023,7.7878,7.7414575,73.8,80.60957
Punjab,Faridkot,2023,8.260285,8.253652,37.4,38.5301
Punjab,Fatehgarh Sahib,2023,7.864286,7.8688836,15.357142,14.504376
Punjab,Fazilka,2023,8.152727,8.093086,66.890915,64.19245
Punjab,Ferozepur,2023,8.24551,8.287499,14.836736,17.418749
Punjab,Gurdaspur,2023,8.04678,8.099672,10.661017,12.227977
Punjab,Hoshiarpur,2023,7.897143,7.947262,14.750001,14.165666
Punjab,Jalandhar,2023,7.941923,7.9479775,14.192307,16.220436
Punjab,Kapurthala,2023,8.046552,8.096092,4.4827585,7.486249
Punjab,Ludhiana,2023,8.178214,8.176115,23.089285,21.051615
Punjab,Mansa,2023,7.664857,7.592504,58.25714,55.044212
Punjab,Moga,2023,8.42975,8.405652,18.574999,18.210701
Punjab,Pathankot,2023,7.843158,7.8808365,23.31579,20.751987
Punjab,Patiala,2023,8.035,8.091599,21.290323,18.834286
Punjab,Rupnagar,2023,7.867,7.919791,9.933333,10.243972
Punjab,S.A.S Nagar,2023,7.948,7.9111705,54.0,54.572956
Punjab,Sangrur,2023,8.277042,8.320989,24.71831,20.731335
Punjab,Shahid Bhagat Singh Nagar,2023,7.84875,7.9262967,12.291667,17.824371
Punjab,Sri Muktsar Sahib,2023,7.7748485,7.6989098,117.606064,142.23277
Punjab,Tarn Taran,2023,8.228286,8.293893,10.628573,10.779571
Rajasthan,Ajmer,2023,7.655,7.6289697,96.92857,90.009155
Rajasthan,Alwar,2023,7.5633335,7.5908647,54.266666,53.46108
Rajasthan,Banswara,2023,7.5485716,7.567006,58.07143,58.59113
Rajasthan,Baran,2023,7.406,7.4225717,46.0,50.015648
Rajasthan,Barmer,2023,7.848036,7.7912836,108.23215,107.36297
Rajasthan,Bharatpur,2023,7.7611766,7.743159,44.411766,49.023518
Rajasthan,Bhilwara,2023,7.5873075,7.5880036,97.11539,87.09445
Rajasthan,Bikaner,2023,7.6854286,7.6591716,64.11429,61.198605
Rajasthan,Bundi,2023,7.7633333,7.7563415,20.0,26.13252
Rajasthan,Chittorgarh,2023,7.354,7.396599,134.8,131.27812
Rajasthan,Churu,2023,7.594286,7.572135,221.61905,214.63081
Rajasthan,Dausa,2023,7.819,7.828865,130.0,132.9942
Rajasthan,Dholpur,2023,7.8116665,7.8631215,19.166666,22.504976
Rajasthan,Dungarpur,2023,7.4575,7.5424647,15.250001,18.923168
Rajasthan,Ganganagar,2023,7.649091,7.642156,92.545456,88.310585
Rajasthan,Hanumangarh,2023,7.629375,7.661125,176.875,172.3483
Rajasthan,Jaipur,2023,7.77125,7.750179,79.6875,80.81721
Rajasthan,Jaisalmer,2023,7.860606,7.739441,105.30303,102.316895
Rajasthan,Jalore,2023,7.7554545,7.7414355,69.86364,67.64573
Rajasthan,Jhalawar,2023,7.5041666,7.527041,50.75,51.3223
Rajasthan,Jhunjhunu,2023,7.8152633,7.777064,97.1579,91.328735
Rajasthan,Jodhpur,2023,7.8283563,7.725984,101.9726,103.461235
Rajasthan,Karauli,2023,7.6981816,7.6158957,94.454544,89.15361
Rajasthan,Kota,2023,7.55,7.5774384,14.000001,17.12964
Rajasthan,Nagaur,2023,7.7509303,7.6645546,104.558136,91.68947
Rajasthan,Pali,2023,7.800526,7.7516036,120.1579,120.14217
Rajasthan,Pratapgarh,2023,7.5842857,7.5833573,72.57143,70.592415
Rajasthan,Rajsamand,2023,7.4353333,7.4677444,38.666668,41.273663
Rajasthan,Sawai Madhopur,2023,7.791818,7.755621,57.727272,59.025105
Rajasthan,Sikar,2023,7.65,7.634588,79.25,79.290924
Rajasthan,Sirohi,2023,7.53,7.528459,76.46154,71.74568
Rajasthan,Tonk,2023,7.637857,7.657821,98.21429,86.914894
Rajasthan,Udaipur,2023,7.6716666,7.6200356,67.333336,66.62751
Tamil Nadu,Ariyalur,2023,7.345333,7.3783536,55.6,53.865498
Tamil Nadu,Chennai,2023,7.895,7.9369187,32.416668,27.83402
Tamil Nadu,Coimbatore,2023,7.4069567,7.416437,54.04348,55.952362
Tamil Nadu,Cuddalore,2023,7.3658824,7.293329,38.666668,37.423206
Tamil Nadu,Dharmapuri,2023,7.694286,7.641797,56.32143,58.36535
Tamil Nadu,Dindigul,2023,7.5987806,7.5427623,59.439026,59.947388
Tamil Nadu,Erode,2023,7.7909636,7.720127,52.891567,54.870056
Tamil Nadu,Kancheepuram,2023,7.7494826,7.7375016,34.689655,29.462446
Tamil Nadu,Kanniyakumari,2023,7.227059,7.198747,29.941177,28.386658
Tamil Nadu,Karur,2023,7.487143,7.4852905,62.0,59.385376
Tamil Nadu,Krishnagiri,2023,7.6112123,7.569321,39.363636,39.37157
Tamil Nadu,Madurai,2023,7.8428574,7.8441753,46.714287,48.293377
Tamil Nadu,Nagapattinam,2023,7.4475,7.475444,45.0,45.93298
Tamil Nadu,Namakkal,2023,7.6954546,7.634151,63.227276,61.02654
Tamil Nadu,Perambalur,2023,7.5877776,7.498433,109.27778,104.09006
Tamil Nadu,Pudukkottai,2023,7.600333,7.579413,28.933332,29.619097
Tamil Nadu,Ramanathapuram,2023,7.331818,7.3443394,27.818182,31.838947
Tamil Nadu,Ranipet,2023,7.8,7.867343,10.8,10.499751
Tamil Nadu,Salem,2023,7.7353845,7.650321,85.84615,80.914116
Tamil Nadu,Sivaganga,2023,7.5666666,7.530464,41.333332,40.196465
Tamil Nadu,Thanjavur,2023,7.312857,7.339643,12.499999,14.301095
Tamil Nadu,The Nilgiris,2023,7.3871427,7.2813363,99.42857,86.61204
Tamil Nadu,Theni,2023,7.612121,7.498035,79.454544,78.98277
Tamil Nadu,Thiruvallur,2023,7.8947873,7.93479,12.148936,13.768161
Tamil Nadu,Thiruvarur,2023,7.65,7.6257386,34.833332,35.599247
Tamil Nadu,Tiruchirappalli,2023,7.3885365,7.4594336,47.414635,50.735207
Tamil Nadu,Tirunelveli,2023,7.3,7.329503,41.464287,39.211666
Tamil Nadu,Tiruppur,2023,7.48825,7.3966393,73.86,67.94757
Tamil Nadu,Tiruvannamalai,2023,7.9055557,7.9068856,33.805557,30.291208
Tamil Nadu,Vellore,2023,7.992,7.830401,122.00001,124.85225
Tamil Nadu,Viluppuram,2023,7.43875,7.4313526,52.479168,51.185143
Tamil Nadu,Virudhunagar,2023,7.242857,7.2605906,45.17857,46.38277
Telangana,Adilabad,2023,7.2960787,7.299363,45.19608,47.349895
Telangana,Bhadradri Kothagudem,2023,7.211594,7.198765,11.072465,10.522731
Telangana,Hanumakonda,2023,7.1022224,7.1001697,32.22222,32.751938
Telangana,Hyderabad,2023,7.1152,7.295999,9.96,13.516547
Telangana,Jagitial,2023,7.154348,7.1507254,31.434782,32.249256
Telangana,Jangaon,2023,7.2633333,7.2775636,47.42857,48.295578
Telangana,Jayashankar Bhupalapally,2023,7.095,7.07547,26.714287,26.88107
Telangana,Jogulamba Gadwal,2023,7.1926665,7.1881633,119.333336,104.20402
Telangana,Kamareddy,2023,7.14625,7.1725683,46.291668,46.861477
Telangana,Karimnagar,2023,7.074348,7.113586,19.347826,22.270386
Telangana,Khammam,2023,7.9096923,7.940775,27.8,27.693235
Telangana,Mahabubabad,2023,7.292857,7.2784734,24.47619,25.617556
Telangana,Mahabubnagar,2023,7.141667,7.192184,42.625,45.148773
Telangana,Mancherial,2023,7.5828123,7.5648217,37.625,40.255264
Telangana,Medak,2023,7.2083783,7.3050814,41.243244,40.305275
Telangana,Medchal Malkajgiri,2023,7.095263,7.0577116,22.947369,23.336447
Telangana,Mulugu,2023,6.883333,6.795305,22.047619,20.315948
Telangana,Nagarkurnool,2023,7.29375,7.250806,95.8,87.353264
Telangana,Nalgonda,2023,7.453418,7.4461155,40.265823,43.700188
Telangana,Narayanpet,2023,7.1325,7.156437,72.75,70.135956
Telangana,Nirmal,2023,7.360625,7.352379,31.5,32.567764
Telangana,Nizamabad,2023,7.172683,7.18866,16.219513,21.48171
Telangana,Peddapalli,2023,7.171111,7.154602,27.5,28.52516
Telangana,Rajanna Sircilla,2023,7.248235,7.2554364,42.47059,42.817455
Telangana,Ranga Reddy,2023,7.041143,7.163159,93.24286,81.92394
Telangana,Sangareddy,2023,6.9914813,7.002237,43.092594,43.233475
Telangana,Siddipet,2023,7.072549,7.098614,58.882355,58.102932
Telangana,Suryapet,2023,7.455,7.4224777,21.647058,23.613052
Telangana,Vikarabad,2023,6.8966103,6.899307,49.101696,48.50021
Telangana,Wanaparthy,2023,7.041818,6.9723496,20.363636,20.808907
Telangana,Warangal,2023,7.2555,7.2691803,85.100006,78.43287
Telangana,Yadadri Bhuvanagiri,2023,7.320465,7.3183007,48.604652,47.778233
Tripura,Dhalai,2023,7.007,7.064518,8.7,7.183419
Tripura,Gomati,2023,6.9566665,6.793066,13.333335,9.602881
Tripura,Khowai,2023,7.395,7.4458194,8.833335,7.8324156
Tripura,North Tripura,2023,6.8872223,6.845627,15.111112,12.25504
Tripura,Sepahijala,2023,7.026,7.0301843,7.8,6.2289305
Tripura,South Tripura,2023,7.057857,7.054222,3.7142856,5.6509733
Tripura,Unakoti,2023,6.989,6.9654183,8.500001,8.8583765
Tripura,West Tripura,2023,7.0233335,6.9931784,14.444446,14.383685
Uttar Pradesh,Agra,2023,8.125909,8.036571,23.227272,24.037817
Uttar Pradesh,Aligarh,2023,8.225883,8.195212,22.117647,20.366844
Uttar Pradesh,Ambedkar Nagar,2023,7.9508333,7.998901,2.6666667,3.773238
Uttar Pradesh,Amethi,2023,7.871818,7.9054575,17.272728,16.502184
Uttar Pradesh,Amroha,2023,7.7466664,7.7446003,18.333332,20.37212
Uttar Pradesh,Auraiya,2023,7.8494444,7.902742,8.222222,8.12942
Uttar Pradesh,Ayodhya,2023,7.802273,7.878745,6.1454554,6.2599134
Uttar Pradesh,Azamgarh,2023,7.8025,7.8805456,2.5000007,5.3343515
Uttar Pradesh,Baghpat,2023,7.888889,7.9387174,31.222221,23.873613
Uttar Pradesh,Bahraich,2023,7.607222,7.676805,1.8333328,4.6742945
Uttar Pradesh,Ballia,2023,7.7063637,7.784494,3.6363647,5.7896986
Uttar Pradesh,Balrampur,2023,7.6730304,7.7066374,6.727273,6.4829073
Uttar Pradesh,Banda,2023,7.883684,7.9174185,12.210526,14.362781
Uttar Pradesh,Bara Banki,2023,7.931,7.979666,0.55000186,2.6490982
Uttar Pradesh,Bareilly,2023,8.055,8.083859,4.1428576,4.233968
Uttar Pradesh,Basti,2023,7.8025,7.876458,3.6249988,4.9027014
Uttar Pradesh,Bhadohi,2023,8.0,8.042294,8.500001,7.224242
Uttar Pradesh,Bijnor,2023,7.711765,7.7818966,3.529412,4.8507376
Uttar Pradesh,Budaun,2023,8.026111,8.057807,7.4444456,6.2953424
Uttar Pradesh,Bulandshahr,2023,8.112083,8.121796,13.166667,10.787974
Uttar Pradesh,Chandauli,2023,7.9163637,7.9692273,4.999999,6.165099
Uttar Pradesh,Chitrakoot,2023,7.852,7.8560967,33.75,34.602955
Uttar Pradesh,Deoria,2023,7.967619,8.003549,0.42857242,2.9127758
Uttar Pradesh,Etah,2023,8.053333,8.076729,17.555555,13.515111
Uttar Pradesh,Etawah,2023,7.7808332,7.761335,59.333332,55.085392
Uttar Pradesh,Farrukhabad,2023,8.106667,8.112089,4.000001,8.429782
Uttar Pradesh,Fatehpur,2023,7.766842,7.7682147,25.210526,24.553272
Uttar Pradesh,Firozabad,2023,8.176,8.11947,33.9,33.27463
Uttar Pradesh,Gautam Buddha Nagar,2023,8.162,8.139813,28.866667,27.408293
Uttar Pradesh,Ghaziabad,2023,7.833889,7.874933,26.86111,21.960316
Uttar Pradesh,Ghazipur,2023,7.739091,7.817623,15.636365,14.928269
Uttar Pradesh,Gonda,2023,7.641818,7.725648,5.545455,5.5544863
Uttar Pradesh,Gorakhpur,2023,7.921515,7.9967766,3.3939388,4.4432154
Uttar Pradesh,Hamirpur,2023,7.9678946,7.925939,44.36842,43.048313
Uttar Pradesh,Hapur,2023,7.77625,7.741208,42.5,45.84813
Uttar Pradesh,Hardoi,2023,8.030952,8.06393,1.7619045,3.428851
Uttar Pradesh,Hathras,2023,8.189167,8.153053,28.0,27.090837
Uttar Pradesh,Jalaun,2023,7.948125,7.9260564,14.437499,15.836539
Uttar Pradesh,Jaunpur,2023,8.040417,8.075784,11.249999,7.5447416
Uttar Pradesh,Jhansi,2023,7.938958,7.911465,34.4375,35.88808
Uttar Pradesh,Kannauj,2023,7.8364286,7.909244,7.000001,7.0526342
Uttar Pradesh,Kanpur Dehat,2023,7.9224,7.930159,31.56,28.563942
Uttar Pradesh,Kanpur Nagar,2023,7.9194446,7.9752336,14.444446,14.469844
Uttar Pradesh,Kasganj,2023,8.071667,7.974076,91.5,86.02257
Uttar Pradesh,Kaushambi,2023,7.938,7.810724,146.2,148.44121
Uttar Pradesh,Kushinagar,2023,7.89,7.9503727,3.6363647,4.2344637
Uttar Pradesh,Lalitpur,2023,7.710435,7.664559,36.347824,39.849087
Uttar Pradesh,Lucknow,2023,7.896154,7.9497833,10.769231,10.436101
Uttar Pradesh,Mahoba,2023,7.7391667,7.709099,36.041668,36.252884
Uttar Pradesh,Mahrajganj,2023,7.8155556,7.904901,1.2222221,3.1305034
Uttar Pradesh,Mainpuri,2023,8.308,8.272819,9.899999,10.197568
Uttar Pradesh,Mathura,2023,8.236667,8.142019,58.61905,54.184563
Uttar Pradesh,Mau,2023,7.8625,7.949533,2.9999988,5.260928
Uttar Pradesh,Meerut,2023,7.848636,7.8986287,24.75,23.018703
Uttar Pradesh,Mirzapur,2023,7.84,7.87528,17.866667,18.515234
Uttar Pradesh,Moradabad,2023,7.7975,7.870509,4.249999,4.787463
Uttar Pradesh,Muzaffarnagar,2023,7.7690477,7.8581443,4.4285707,7.8576307
Uttar Pradesh,Pilibhit,2023,8.066087,8.099016,5.565219,4.2907743
Uttar Pradesh,Pratapgarh,2023,8.116111,8.136112,4.333333,4.9128885
Uttar Pradesh,Prayagraj,2023,7.909333,7.944605,21.199999,18.037966
Uttar Pradesh,Rae Bareli,2023,7.9606667,8.03458,6.7333326,5.7463408
Uttar Pradesh,Rampur,2023,7.9455557,7.9733377,9.333333,10.737746
Uttar Pradesh,Saharanpur,2023,7.7353334,7.803307,8.866666,13.306521
Uttar Pradesh,Sambhal,2023,7.848,7.9036837,15.400001,14.939441
Uttar Pradesh,Sant Kabir Nagar,2023,7.8883333,7.9543715,0.79166675,3.4304645
Uttar Pradesh,Shahjahanpur,2023,8.070455,8.09489,2.6818187,3.5934474
Uttar Pradesh,Shamli,2023,7.9683332,8.021732,9.333333,8.2935915
Uttar Pradesh,Shrawasti,2023,7.752857,7.8185563,8.285714,6.404666
Uttar Pradesh,Siddharthnagar,2023,7.76,7.8190737,3.1111114,5.255124
Uttar Pradesh,Sitapur,2023,7.839667,7.8996234,4.0666666,4.476981
Uttar Pradesh,Sonbhadra,2023,7.806383,7.8618927,21.787233,16.964127
Uttar Pradesh,Sultanpur,2023,7.91,7.985886,1.555556,3.9252365
Uttar Pradesh,Unnao,2023,7.7713637,7.816293,4.863637,5.6038046
Uttar Pradesh,Varanasi,2023,7.903913,7.9276514,14.000001,13.775474
Uttarakhand,Champawat,2023,7.69,7.7349772,15.500001,11.721761
Uttarakhand,Dehradun,2023,7.8664,7.8266263,73.22,66.224495
Uttarakhand,Haridwar,2023,7.89125,7.92258,25.707317,22.031315
Uttarakhand,Nainital,2023,7.8765,7.899726,24.449999,18.146727
Uttarakhand,Pauri Garhwal,2023,7.52,7.539134,14.000001,14.852685
Uttarakhand,Tehri Garhwal,2023,8.254,8.238224,6.4000006,6.0777884
West Bengal,Alipurduar,2023,7.774,7.8289914,17.65,15.278056
West Bengal,Bankura,2023,7.656579,7.7117057,16.789473,19.54425
West Bengal,Birbhum,2023,7.5623684,7.56008,15.157895,16.712395
West Bengal,Cooch Behar,2023,7.6836667,7.731325,17.433332,17.412294
West Bengal,Dakshin Dinajpur,2023,7.6054287,7.659184,3.9142864,5.903287
West Bengal,Darjeeling,2023,7.3323684,7.3878226,28.105263,25.634054
West Bengal,Hooghly,2023,7.8727584,7.9350905,14.551724,11.351388
West Bengal,Howrah,2023,7.7735295,7.790711,15.823529,12.057361
West Bengal,Jalpaiguri,2023,7.7763042,7.8218994,19.913044,19.378622
West Bengal,Jhargram,2023,7.3393335,7.380974,16.0,14.352887
West Bengal,Kolkata,2023,7.678125,7.683359,6.625001,6.146472
West Bengal,Malda,2023,7.6986,7.756361,13.28,11.402003
West Bengal,Murshidabad,2023,7.7614064,7.832916,9.203126,8.524194
West Bengal,Nadia,2023,7.918148,7.941309,9.500001,9.451076
West Bengal,North 24 Parganas,2023,7.9133735,7.919809,8.722892,6.8877153
West Bengal,Paschim Bardhaman,2023,7.759123,7.787326,19.894737,17.369795
West Bengal,Paschim Medinipur,2023,7.498182,7.498879,6.015151,6.839698
West Bengal,Purba Bardhaman,2023,7.6693616,7.623221,5.319148,4.5675364
West Bengal,Purba Medinipur,2023,7.3216667,7.30898,1.5277774,5.730748
West Bengal,Purulia,2023,7.743636,7.7442436,30.09091,33.036907
West Bengal,South 24 Parganas,2023,7.9409523,8.004613,6.5595236,5.7171316
West Bengal,Uttar Dinajpur,2023,7.650476,7.7140784,8.142858,8.539916
